Name,Status,Priority,FR Reference,Description
"[EPIC] Communication Capture","In Progress","Urgent","FR1-FR6","Quo webhooks, call/voicemail/SMS capture"
"[EPIC] Transcription Quality","Not Started","High","FR7-FR13","Industry terminology, glossary, accuracy"
"[EPIC] AI Data Extraction","Done","High","FR14-FR17","Name extraction, summaries, equipment ID"
"[EPIC] Jobber Integration","In Progress","High","FR18-FR25","API calls, OAuth, Request creation"
"[EPIC] Request Routing Logic","In Progress","High","FR26-FR30","New vs existing clients, voicemail prefixes"
"[EPIC] Failover & Reliability","In Progress","Critical","FR31-FR36","Queue, retry logic, deduplication"
"[EPIC] Monitoring & Alerting","Done","High","FR37-FR42","Slack notifications, daily digest, error alerts"
"[EPIC] Operational Config","Not Started","Medium","FR43-FR46","Webhook endpoints, logs, manual reprocessing"
"[EPIC] Documentation & Training","In Progress","High","FR47-FR50","SOPs, videos, live training"
"[EPIC] Test Plan & Validation","Not Started","High","NFR1-NFR31","Verify FR and NFR compliance"